object_name,angular_bin,pair_quota,raw_edge_count,estimation_edge_capacity,correspondence_edge_capacity,estimation_image_count,correspondence_image_count,five_degree_pair_quotas
3d_dollhouse_sink,0-40,14,109,33,29,33,34,0;0;2;2;1;3;3;3
3d_dollhouse_sink,40-80,15,260,61,56,33,34,1;1;2;2;2;3;2;2
3d_dollhouse_sink,80-120,14,368,91,88,33,34,2;2;1;2;2;2;1;2
box_multi_door_colored,0-40,14,172,47,47,37,38,0;1;2;2;2;2;2;3
box_multi_door_colored,40-80,15,242,57,64,37,38,2;2;2;2;1;2;2;2
box_multi_door_colored,80-120,14,282,73,75,37,38,2;2;2;2;2;1;2;1
bunny_racer,0-40,14,151,37,38,35,34,0;0;1;2;2;3;3;3
bunny_racer,40-80,14,234,60,56,35,34,2;1;2;1;2;2;2;2
bunny_racer,80-120,14,247,60,57,35,34,2;2;1;2;2;2;2;1
can_kernel_corn,0-40,15,95,23,25,24,25,0;1;1;3;3;2;3;2
can_kernel_corn,40-80,14,178,41,42,24,25,2;1;2;1;2;2;2;2
can_kernel_corn,80-120,14,287,72,76,24,25,1;1;1;2;2;3;2;2
chicken_racer,0-40,14,204,47,52,24,25,0;0;1;2;3;3;3;2
chicken_racer,40-80,14,284,75,69,24,25,2;2;2;2;2;1;1;2
chicken_racer,80-120,15,280,66,65,24,25,2;2;3;2;1;2;1;2
circo_fish_toothbrush_holder_14995988,0-40,14,159,35,42,32,32,0;0;1;2;3;2;3;3
circo_fish_toothbrush_holder_14995988,40-80,14,211,55,55,32,32,2;2;2;2;2;1;1;2
circo_fish_toothbrush_holder_14995988,80-120,15,312,77,78,32,32,2;2;2;2;1;2;3;1
dino_4,0-40,14,144,34,29,40,41,0;0;1;2;2;3;3;3
dino_4,40-80,15,221,57,54,40,41,2;1;2;2;2;2;2;2
dino_4,80-120,14,258,59,56,40,41,2;2;1;2;2;2;2;1
dino_5,0-40,15,123,31,26,33,33,0;1;0;3;2;2;3;4
dino_5,40-80,14,238,59,56,33,33,2;1;2;2;2;2;1;2
dino_5,80-120,14,268,71,80,33,33,1;2;2;2;2;1;2;2
duck_bath_yellow_s,0-40,15,184,39,40,40,39,0;1;1;1;3;2;3;4
duck_bath_yellow_s,40-80,14,258,68,69,40,39,2;2;2;2;2;2;1;1
duck_bath_yellow_s,80-120,14,236,51,61,40,39,2;2;1;2;2;1;2;2
fire_engine_toy_red_yellow_s,0-40,14,139,33,32,40,40,0;0;2;2;3;2;2;3
fire_engine_toy_red_yellow_s,40-80,15,272,72,68,40,40,2;2;2;2;1;2;2;2
fire_engine_toy_red_yellow_s,80-120,14,256,66,65,40,40,2;2;2;2;2;1;2;1
garbage_truck_green_toy_s,0-40,14,152,37,34,40,39,0;1;1;1;2;3;3;3
garbage_truck_green_toy_s,40-80,14,265,66,67,40,39,2;1;2;1;2;2;2;2
garbage_truck_green_toy_s,80-120,14,268,64,59,40,39,1;2;2;2;2;1;2;2
hand_drill_cordless_blue_black,0-40,14,93,25,26,39,39,0;0;1;2;2;2;3;4
hand_drill_cordless_blue_black,40-80,14,133,32,30,39,39,1;2;1;2;2;2;2;2
hand_drill_cordless_blue_black,80-120,15,137,32,31,39,39,2;2;1;1;2;3;2;2
hut_mushrooms_showpiece,0-40,14,195,49,46,25,25,0;1;2;2;3;2;2;2
hut_mushrooms_showpiece,40-80,15,244,58,62,25,25,1;2;2;2;2;2;2;2
hut_mushrooms_showpiece,80-120,14,277,68,71,25,25,2;2;2;1;1;2;2;2
ice_cream_cart_showpiece,0-40,14,195,46,47,25,25,1;2;2;2;2;1;2;2
ice_cream_cart_showpiece,40-80,14,227,54,58,25,25,1;1;1;2;2;2;3;2
ice_cream_cart_showpiece,80-120,15,301,71,70,25,25,2;2;2;3;2;2;1;1
keywest_showpiece_s,0-40,14,150,35,35,40,40,0;0;1;2;2;3;4;2
keywest_showpiece_s,40-80,15,250,63,58,40,40,2;1;2;2;2;2;2;2
keywest_showpiece_s,80-120,14,246,62,61,40,40,2;2;1;2;2;1;2;2
paper_weight_flowers_showpiece,0-40,14,235,54,60,24,25,0;1;2;2;2;2;3;2
paper_weight_flowers_showpiece,40-80,14,235,52,58,24,25,3;2;2;2;1;1;2;1
paper_weight_flowers_showpiece,80-120,14,193,47,45,24,25,2;2;2;1;2;2;2;1
pumpkin_showpiece_s,0-40,14,122,28,29,40,40,0;0;2;2;2;3;3;2
pumpkin_showpiece_s,40-80,15,245,53,61,40,40,2;2;2;2;2;2;1;2
pumpkin_showpiece_s,80-120,14,229,58,60,40,40,2;2;2;2;1;2;2;1
remote_control_toy_car_s,0-40,14,156,38,39,37,36,0;1;1;2;2;3;2;3
remote_control_toy_car_s,40-80,14,274,76,73,37,36,1;2;2;2;2;2;1;2
remote_control_toy_car_s,80-120,14,241,65,63,37,36,3;2;1;2;2;2;1;1
schleich_african_black_rhino,0-40,14,140,31,31,33,33,0;0;0;3;3;3;3;2
schleich_african_black_rhino,40-80,15,190,48,49,33,33,2;2;2;2;2;1;2;2
schleich_african_black_rhino,80-120,14,273,66,65,33,33,1;2;2;2;2;2;1;2
schleich_bald_eagle,0-40,15,117,28,26,38,39,0;0;2;3;3;2;3;2
schleich_bald_eagle,40-80,14,241,61,62,38,39,1;2;1;1;2;2;2;3
schleich_bald_eagle,80-120,14,311,67,73,38,39,2;2;2;1;2;2;2;1
schleich_hereford_bull,0-40,14,147,36,36,26,26,0;1;1;3;2;2;2;3
schleich_hereford_bull,40-80,14,230,51,56,26,26,2;2;2;1;2;1;2;2
schleich_hereford_bull,80-120,15,321,81,82,26,26,2;2;2;2;2;2;2;1
schleich_lion_action_figure,0-40,15,149,38,36,31,32,0;1;1;2;3;3;2;3
schleich_lion_action_figure,40-80,14,225,52,51,31,32,2;2;1;2;1;2;2;2
schleich_lion_action_figure,80-120,14,235,57,76,31,32,2;2;2;2;1;2;2;1
schleich_spinosaurus_action_figure,0-40,14,130,31,29,26,25,0;1;1;2;1;2;3;4
schleich_spinosaurus_action_figure,40-80,14,202,51,47,26,25,2;2;2;2;2;1;1;2
schleich_spinosaurus_action_figure,80-120,15,261,62,63,26,25,2;2;1;2;2;2;2;2
school_bus,0-40,14,114,27,30,31,31,0;1;1;2;2;3;2;3
school_bus,40-80,14,238,59,64,31,31,2;1;2;2;1;2;2;2
school_bus,80-120,14,287,64,57,31,31,2;2;2;1;2;2;1;2
shoe_right_gray_s,0-40,15,147,36,35,40,39,0;1;1;2;2;2;3;4
shoe_right_gray_s,40-80,14,253,67,56,40,39,1;2;2;2;2;2;2;1
shoe_right_gray_s,80-120,14,281,66,67,40,39,1;2;2;2;2;2;2;1
soldier_wood_showpiece,0-40,14,99,27,27,39,39,0;0;2;0;3;2;3;4
soldier_wood_showpiece,40-80,14,213,39,44,39,39,1;1;1;2;2;2;3;2
soldier_wood_showpiece,80-120,15,322,79,81,39,39,2;2;2;2;2;1;2;2
steps_small_showpiece,0-40,14,215,51,55,25,25,1;1;1;2;2;3;2;2
steps_small_showpiece,40-80,14,257,63,62,25,25,2;2;1;2;2;2;1;2
steps_small_showpiece,80-120,15,235,57,56,25,25,2;1;2;2;3;2;1;2
tractor_green_showpiece,0-40,15,216,48,47,25,25,0;1;2;3;2;2;3;2
tractor_green_showpiece,40-80,14,236,59,61,25,25,1;2;1;2;2;2;2;2
tractor_green_showpiece,80-120,14,262,68,66,25,25,1;1;2;2;2;2;2;2
tumbler_air_balloon,0-40,14,184,45,47,25,25,0;2;2;2;2;2;2;2
tumbler_air_balloon,40-80,14,255,65,64,25,25,1;2;2;2;2;2;2;1
tumbler_air_balloon,80-120,15,228,55,61,25,25,2;2;2;1;2;2;2;2
water_gun_toy_green,0-40,15,131,33,30,24,25,0;2;2;2;3;3;1;2
water_gun_toy_green,40-80,14,152,34,39,24,25,2;1;2;2;2;2;1;2
water_gun_toy_green,80-120,14,123,28,28,24,25,2;1;2;2;2;1;2;2
water_gun_toy_white,0-40,14,115,26,29,25,24,1;1;1;2;2;2;2;3
water_gun_toy_white,40-80,14,159,35,34,25,24,2;2;2;2;2;1;1;2
water_gun_toy_white,80-120,15,126,31,31,25,24,3;2;2;1;2;1;2;2
water_gun_toy_yellow,0-40,15,145,32,34,24,23,0;1;2;3;3;2;2;2
water_gun_toy_yellow,40-80,14,150,38,40,24,23,1;2;3;2;1;2;1;2
water_gun_toy_yellow,80-120,14,119,30,30,24,23,3;2;2;3;2;0;1;1
weisshai_great_white_shark,0-40,15,77,24,21,20,19,0;0;0;2;4;4;1;4
weisshai_great_white_shark,40-80,14,144,31,35,20,19,2;1;2;1;2;3;2;1
weisshai_great_white_shark,80-120,14,206,44,49,20,19,2;1;2;2;2;2;1;2
welcome_sign_mushrooms,0-40,14,202,51,51,25,25,0;1;2;3;2;2;2;2
welcome_sign_mushrooms,40-80,15,230,53,53,25,25,2;2;1;2;2;1;3;2
welcome_sign_mushrooms,80-120,14,252,59,57,25,25,2;2;1;2;2;2;1;2
well_with_leaf_roof_showpiece,0-40,14,194,50,47,25,25,0;2;3;2;1;2;2;2
well_with_leaf_roof_showpiece,40-80,15,219,51,59,25,25,2;2;2;2;2;1;2;2
well_with_leaf_roof_showpiece,80-120,14,218,50,53,25,25,2;2;1;2;2;1;2;2
