image_1,image_2,angular_distance_degrees,image_1_height,image_1_width,image_2_height,image_2_width
tractor_green_showpiece/wild_set/images/030.jpg,tractor_green_showpiece/wild_set/images/049.jpg,14.437160185930338,4000,6000,3024,4032
can_kernel_corn/wild_set/images/046.jpg,can_kernel_corn/wild_set/images/025.jpg,25.961718732577562,3024,4032,3024,4032
schleich_bald_eagle/wild_set/images/037.jpg,schleich_bald_eagle/wild_set/images/017.jpg,23.680482765111996,3024,4032,3024,4032
dino_4/wild_set/images/020.jpg,dino_4/wild_set/images/070.jpg,13.514505987017163,3072,4080,3024,4032
well_with_leaf_roof_showpiece/wild_set/images/041.jpg,well_with_leaf_roof_showpiece/wild_set/images/022.jpg,14.42598884212734,3072,4080,3024,4032
paper_weight_flowers_showpiece/wild_set/images/012.jpg,paper_weight_flowers_showpiece/wild_set/images/029.jpg,28.707802094621687,3024,4032,3024,4032
pumpkin_showpiece_s/wild_set/images/044.jpg,pumpkin_showpiece_s/wild_set/images/023.jpg,21.214185727805884,3024,4032,3024,4032
tractor_green_showpiece/wild_set/images/034.jpg,tractor_green_showpiece/wild_set/images/042.jpg,20.478299570901417,4000,6000,3024,4032
hut_mushrooms_showpiece/wild_set/images/034.jpg,hut_mushrooms_showpiece/wild_set/images/029.jpg,6.990207622639415,4000,6000,3072,4080
soldier_wood_showpiece/wild_set/images/037.jpg,soldier_wood_showpiece/wild_set/images/058.jpg,37.434922129575206,3024,4032,3024,4032
duck_bath_yellow_s/wild_set/images/050.jpg,duck_bath_yellow_s/wild_set/images/043.jpg,37.149279681372995,3024,4032,3024,4032
dino_4/wild_set/images/014.jpg,dino_4/wild_set/images/026.jpg,36.58239423867684,3072,4080,3072,4080
schleich_bald_eagle/wild_set/images/034.jpg,schleich_bald_eagle/wild_set/images/052.jpg,18.88557694593908,3024,4032,3024,4032
garbage_truck_green_toy_s/wild_set/images/069.jpg,garbage_truck_green_toy_s/wild_set/images/024.jpg,22.698514636211986,3024,4032,3024,4032
hand_drill_cordless_blue_black/wild_set/images/054.jpg,hand_drill_cordless_blue_black/wild_set/images/018.jpg,30.66752750721925,3024,4032,4000,6000
shoe_right_gray_s/wild_set/images/050.jpg,shoe_right_gray_s/wild_set/images/049.jpg,12.590495083575139,3024,4032,3024,4032
schleich_lion_action_figure/wild_set/images/053.jpg,schleich_lion_action_figure/wild_set/images/058.jpg,26.94616856601372,3456,5184,3024,4032
water_gun_toy_white/wild_set/images/035.jpg,water_gun_toy_white/wild_set/images/040.jpg,28.5869437228683,3024,4032,3072,4080
duck_bath_yellow_s/wild_set/images/077.jpg,duck_bath_yellow_s/wild_set/images/003.jpg,37.92276019011131,3024,4032,3024,4032
can_kernel_corn/wild_set/images/008.jpg,can_kernel_corn/wild_set/images/046.jpg,23.010380051201782,3024,4032,3024,4032
keywest_showpiece_s/wild_set/images/054.jpg,keywest_showpiece_s/wild_set/images/007.jpg,31.701653313324194,3024,4032,3024,4032
schleich_african_black_rhino/wild_set/images/022.jpg,schleich_african_black_rhino/wild_set/images/010.jpg,23.470673828161587,3024,4032,3024,4032
schleich_lion_action_figure/wild_set/images/003.jpg,schleich_lion_action_figure/wild_set/images/012.jpg,25.092043107625756,3024,4032,3024,4032
paper_weight_flowers_showpiece/wild_set/images/003.jpg,paper_weight_flowers_showpiece/wild_set/images/037.jpg,14.157730640029824,3024,4032,4000,6000
water_gun_toy_yellow/wild_set/images/030.jpg,water_gun_toy_yellow/wild_set/images/018.jpg,37.794362216467796,4000,6000,3072,4080
shoe_right_gray_s/wild_set/images/066.jpg,shoe_right_gray_s/wild_set/images/016.jpg,38.77459555241791,3024,4032,4000,6000
garbage_truck_green_toy_s/wild_set/images/000.jpg,garbage_truck_green_toy_s/wild_set/images/021.jpg,33.83581688527579,3024,4032,3024,4032
schleich_spinosaurus_action_figure/wild_set/images/059.jpg,schleich_spinosaurus_action_figure/wild_set/images/052.jpg,16.2230020474554,3024,4032,3024,4032
can_kernel_corn/wild_set/images/024.jpg,can_kernel_corn/wild_set/images/018.jpg,23.340118351313404,3024,4032,4000,6000
weisshai_great_white_shark/wild_set/images/040.jpg,weisshai_great_white_shark/wild_set/images/043.jpg,22.078095122535206,3024,4032,3024,4032
weisshai_great_white_shark/wild_set/images/001.jpg,weisshai_great_white_shark/wild_set/images/021.jpg,20.3658743904906,3024,4032,3024,4032
soldier_wood_showpiece/wild_set/images/057.jpg,soldier_wood_showpiece/wild_set/images/041.jpg,33.3389730829169,3024,4032,3024,4032
pumpkin_showpiece_s/wild_set/images/023.jpg,pumpkin_showpiece_s/wild_set/images/052.jpg,36.6644471303651,3024,4032,3024,4032
chicken_racer/wild_set/images/012.jpg,chicken_racer/wild_set/images/049.jpg,19.569309775858944,3024,4032,3024,4032
ice_cream_cart_showpiece/wild_set/images/028.jpg,ice_cream_cart_showpiece/wild_set/images/017.jpg,22.655299048970623,3024,4032,3024,4032
well_with_leaf_roof_showpiece/wild_set/images/021.jpg,well_with_leaf_roof_showpiece/wild_set/images/031.jpg,38.999870064607805,3024,4032,3024,4032
duck_bath_yellow_s/wild_set/images/013.jpg,duck_bath_yellow_s/wild_set/images/027.jpg,22.46172228503331,3024,4032,3024,4032
schleich_lion_action_figure/wild_set/images/032.jpg,schleich_lion_action_figure/wild_set/images/058.jpg,37.48557720549125,3024,4032,3024,4032
soldier_wood_showpiece/wild_set/images/029.jpg,soldier_wood_showpiece/wild_set/images/074.jpg,34.79497186877655,3024,4032,3024,4032
duck_bath_yellow_s/wild_set/images/016.jpg,duck_bath_yellow_s/wild_set/images/052.jpg,27.971016187260116,4000,6000,4000,6000
water_gun_toy_yellow/wild_set/images/011.jpg,water_gun_toy_yellow/wild_set/images/001.jpg,27.87807014369431,3024,4032,3024,4032
3d_dollhouse_sink/wild_set/images/011.jpg,3d_dollhouse_sink/wild_set/images/030.jpg,29.135086721180734,3456,5184,3456,5184
hand_drill_cordless_blue_black/wild_set/images/044.jpg,hand_drill_cordless_blue_black/wild_set/images/031.jpg,22.16066670780012,3024,4032,4000,6000
school_bus/wild_set/images/038.jpg,school_bus/wild_set/images/049.jpg,19.748135414966427,3024,4032,3024,4032
hand_drill_cordless_blue_black/wild_set/images/022.jpg,hand_drill_cordless_blue_black/wild_set/images/056.jpg,39.85315706303304,3024,4032,3024,4032
welcome_sign_mushrooms/wild_set/images/024.jpg,welcome_sign_mushrooms/wild_set/images/000.jpg,26.285635334557277,3024,4032,3072,4080
dino_5/wild_set/images/050.jpg,dino_5/wild_set/images/046.jpg,23.08076433089594,3072,4080,3456,5184
weisshai_great_white_shark/wild_set/images/043.jpg,weisshai_great_white_shark/wild_set/images/033.jpg,28.58026800497708,3024,4032,3024,4032
water_gun_toy_green/wild_set/images/031.jpg,water_gun_toy_green/wild_set/images/029.jpg,30.163432439515034,3024,4032,3024,4032
well_with_leaf_roof_showpiece/wild_set/images/049.jpg,well_with_leaf_roof_showpiece/wild_set/images/022.jpg,16.1984559045811,3024,4032,3024,4032
remote_control_toy_car_s/wild_set/images/038.jpg,remote_control_toy_car_s/wild_set/images/048.jpg,34.98252798289296,3024,4032,4000,6000
circo_fish_toothbrush_holder_14995988/wild_set/images/069.jpg,circo_fish_toothbrush_holder_14995988/wild_set/images/020.jpg,11.202687318784696,3072,4080,3072,4080
water_gun_toy_green/wild_set/images/030.jpg,water_gun_toy_green/wild_set/images/048.jpg,27.738204593525953,3024,4032,3024,4032
hand_drill_cordless_blue_black/wild_set/images/064.jpg,hand_drill_cordless_blue_black/wild_set/images/005.jpg,39.655197104284284,3024,4032,3024,4032
schleich_hereford_bull/wild_set/images/036.jpg,schleich_hereford_bull/wild_set/images/011.jpg,31.200451401065994,3024,4032,3456,5184
shoe_right_gray_s/wild_set/images/057.jpg,shoe_right_gray_s/wild_set/images/053.jpg,24.13745427683171,3024,4032,3024,4032
tractor_green_showpiece/wild_set/images/003.jpg,tractor_green_showpiece/wild_set/images/001.jpg,16.76578207342371,3024,4032,3024,4032
remote_control_toy_car_s/wild_set/images/061.jpg,remote_control_toy_car_s/wild_set/images/015.jpg,38.20799802858089,3024,4032,3024,4032
box_multi_door_colored/wild_set/images/048.jpg,box_multi_door_colored/wild_set/images/023.jpg,36.58086908334082,3024,4032,4000,6000
garbage_truck_green_toy_s/wild_set/images/039.jpg,garbage_truck_green_toy_s/wild_set/images/026.jpg,36.4358001165083,3024,4032,3024,4032
soldier_wood_showpiece/wild_set/images/043.jpg,soldier_wood_showpiece/wild_set/images/012.jpg,37.17408153561928,3024,4032,4000,6000
can_kernel_corn/wild_set/images/022.jpg,can_kernel_corn/wild_set/images/037.jpg,23.153351572438382,3024,4032,4000,6000
well_with_leaf_roof_showpiece/wild_set/images/009.jpg,well_with_leaf_roof_showpiece/wild_set/images/037.jpg,37.79205651799956,4000,6000,3072,4080
schleich_african_black_rhino/wild_set/images/031.jpg,schleich_african_black_rhino/wild_set/images/039.jpg,32.85597578903849,3024,4032,3456,5184
water_gun_toy_green/wild_set/images/006.jpg,water_gun_toy_green/wild_set/images/027.jpg,12.657064937841735,3024,4032,3072,4080
water_gun_toy_green/wild_set/images/020.jpg,water_gun_toy_green/wild_set/images/045.jpg,9.973840758279268,3072,4080,4000,6000
schleich_african_black_rhino/wild_set/images/022.jpg,schleich_african_black_rhino/wild_set/images/011.jpg,39.75625309307199,3024,4032,3024,4032
garbage_truck_green_toy_s/wild_set/images/035.jpg,garbage_truck_green_toy_s/wild_set/images/053.jpg,39.12208801537785,3024,4032,3024,4032
hand_drill_cordless_blue_black/wild_set/images/044.jpg,hand_drill_cordless_blue_black/wild_set/images/019.jpg,34.75251200163824,3024,4032,3024,4032
soldier_wood_showpiece/wild_set/images/002.jpg,soldier_wood_showpiece/wild_set/images/040.jpg,12.953503889014176,3024,4032,3024,4032
schleich_hereford_bull/wild_set/images/022.jpg,schleich_hereford_bull/wild_set/images/019.jpg,18.52849391048965,3024,4032,3024,4032
hand_drill_cordless_blue_black/wild_set/images/026.jpg,hand_drill_cordless_blue_black/wild_set/images/049.jpg,15.08528058717298,3024,4032,3024,4032
keywest_showpiece_s/wild_set/images/005.jpg,keywest_showpiece_s/wild_set/images/069.jpg,33.84818023761142,3024,4032,3024,4032
bunny_racer/wild_set/images/052.jpg,bunny_racer/wild_set/images/036.jpg,31.343970588515045,3024,4032,3024,4032
fire_engine_toy_red_yellow_s/wild_set/images/021.jpg,fire_engine_toy_red_yellow_s/wild_set/images/011.jpg,14.204049347489605,3024,4032,3024,4032
water_gun_toy_white/wild_set/images/040.jpg,water_gun_toy_white/wild_set/images/022.jpg,33.27384161700031,3072,4080,3024,4032
3d_dollhouse_sink/wild_set/images/046.jpg,3d_dollhouse_sink/wild_set/images/070.jpg,31.97217354576418,3456,5184,3024,4032
tractor_green_showpiece/wild_set/images/048.jpg,tractor_green_showpiece/wild_set/images/010.jpg,30.037054470504874,3024,4032,3024,4032
tumbler_air_balloon/wild_set/images/037.jpg,tumbler_air_balloon/wild_set/images/015.jpg,17.93242835300027,3072,4080,4000,6000
circo_fish_toothbrush_holder_14995988/wild_set/images/025.jpg,circo_fish_toothbrush_holder_14995988/wild_set/images/072.jpg,37.7111459385334,4032,3024,3024,4032
schleich_hereford_bull/wild_set/images/029.jpg,schleich_hereford_bull/wild_set/images/028.jpg,24.54566502634874,3024,4032,4032,3024
schleich_spinosaurus_action_figure/wild_set/images/020.jpg,schleich_spinosaurus_action_figure/wild_set/images/032.jpg,32.52400660898357,3072,4080,3456,5184
hand_drill_cordless_blue_black/wild_set/images/002.jpg,hand_drill_cordless_blue_black/wild_set/images/075.jpg,12.836483299447604,3024,4032,3024,4032
water_gun_toy_yellow/wild_set/images/002.jpg,water_gun_toy_yellow/wild_set/images/022.jpg,19.880857631566812,3024,4032,3024,4032
water_gun_toy_yellow/wild_set/images/001.jpg,water_gun_toy_yellow/wild_set/images/013.jpg,13.286600941353326,3024,4032,3024,4032
circo_fish_toothbrush_holder_14995988/wild_set/images/038.jpg,circo_fish_toothbrush_holder_14995988/wild_set/images/024.jpg,23.83648952200473,3072,4080,3024,4032
schleich_spinosaurus_action_figure/wild_set/images/019.jpg,schleich_spinosaurus_action_figure/wild_set/images/052.jpg,31.972655268532698,3072,4080,3024,4032
tractor_green_showpiece/wild_set/images/046.jpg,tractor_green_showpiece/wild_set/images/006.jpg,38.69011118111678,4000,6000,3024,4032
ice_cream_cart_showpiece/wild_set/images/049.jpg,ice_cream_cart_showpiece/wild_set/images/027.jpg,10.85552509163059,3024,4032,4000,6000
paper_weight_flowers_showpiece/wild_set/images/044.jpg,paper_weight_flowers_showpiece/wild_set/images/033.jpg,33.4130924925769,3024,4032,4000,6000
chicken_racer/wild_set/images/016.jpg,chicken_racer/wild_set/images/025.jpg,13.316839121487202,4032,3024,4032,3024
water_gun_toy_green/wild_set/images/016.jpg,water_gun_toy_green/wild_set/images/042.jpg,25.1018220405974,3024,4032,4000,6000
soldier_wood_showpiece/wild_set/images/029.jpg,soldier_wood_showpiece/wild_set/images/043.jpg,29.191758474904084,3024,4032,3024,4032
bunny_racer/wild_set/images/038.jpg,bunny_racer/wild_set/images/065.jpg,35.39316003243676,3024,4032,3024,4032
hut_mushrooms_showpiece/wild_set/images/031.jpg,hut_mushrooms_showpiece/wild_set/images/030.jpg,23.864646027703067,3024,4032,4000,6000
fire_engine_toy_red_yellow_s/wild_set/images/014.jpg,fire_engine_toy_red_yellow_s/wild_set/images/024.jpg,15.670449630802153,3024,4032,3024,4032
3d_dollhouse_sink/wild_set/images/032.jpg,3d_dollhouse_sink/wild_set/images/029.jpg,14.150501460073901,3072,4080,3456,5184
water_gun_toy_white/wild_set/images/002.jpg,water_gun_toy_white/wild_set/images/013.jpg,35.399388550255146,3072,4080,3072,4080
school_bus/wild_set/images/006.jpg,school_bus/wild_set/images/010.jpg,35.81184741927637,3024,4032,3024,4032
hand_drill_cordless_blue_black/wild_set/images/053.jpg,hand_drill_cordless_blue_black/wild_set/images/073.jpg,17.530800078077593,3024,4032,3024,4032
chicken_racer/wild_set/images/030.jpg,chicken_racer/wild_set/images/000.jpg,23.23576088027651,3024,4032,3024,4032
tractor_green_showpiece/wild_set/images/019.jpg,tractor_green_showpiece/wild_set/images/018.jpg,18.768305140198738,3072,4080,3024,4032
shoe_right_gray_s/wild_set/images/073.jpg,shoe_right_gray_s/wild_set/images/048.jpg,24.651932259865717,4000,6000,3024,4032
garbage_truck_green_toy_s/wild_set/images/054.jpg,garbage_truck_green_toy_s/wild_set/images/049.jpg,17.367572249601153,3024,4032,3024,4032
schleich_bald_eagle/wild_set/images/039.jpg,schleich_bald_eagle/wild_set/images/068.jpg,23.48286821739725,3024,4032,3024,4032
schleich_bald_eagle/wild_set/images/004.jpg,schleich_bald_eagle/wild_set/images/052.jpg,11.068816651316174,3456,5184,3024,4032
school_bus/wild_set/images/012.jpg,school_bus/wild_set/images/064.jpg,6.067329051050294,3024,4032,3024,4032
dino_4/wild_set/images/015.jpg,dino_4/wild_set/images/011.jpg,33.31666582777369,3072,4080,3072,4080
steps_small_showpiece/wild_set/images/045.jpg,steps_small_showpiece/wild_set/images/033.jpg,29.165069948244682,3024,4032,3024,4032
weisshai_great_white_shark/wild_set/images/002.jpg,weisshai_great_white_shark/wild_set/images/008.jpg,19.965658841173855,3024,4032,3024,4032
well_with_leaf_roof_showpiece/wild_set/images/011.jpg,well_with_leaf_roof_showpiece/wild_set/images/033.jpg,33.21316476411521,3024,4032,3024,4032
fire_engine_toy_red_yellow_s/wild_set/images/034.jpg,fire_engine_toy_red_yellow_s/wild_set/images/014.jpg,32.508895004335066,3024,4032,3024,4032
fire_engine_toy_red_yellow_s/wild_set/images/050.jpg,fire_engine_toy_red_yellow_s/wild_set/images/039.jpg,28.913681961659716,3024,4032,3024,4032
well_with_leaf_roof_showpiece/wild_set/images/029.jpg,well_with_leaf_roof_showpiece/wild_set/images/034.jpg,14.955456783402912,3072,4080,4000,6000
water_gun_toy_green/wild_set/images/005.jpg,water_gun_toy_green/wild_set/images/008.jpg,18.366282293994466,3024,4032,4000,6000
chicken_racer/wild_set/images/052.jpg,chicken_racer/wild_set/images/037.jpg,26.507319460666835,3024,4032,3024,4032
shoe_right_gray_s/wild_set/images/040.jpg,shoe_right_gray_s/wild_set/images/039.jpg,28.949999619090594,3024,4032,3024,4032
dino_5/wild_set/images/034.jpg,dino_5/wild_set/images/046.jpg,29.552406293116782,3024,4032,3456,5184
schleich_lion_action_figure/wild_set/images/041.jpg,schleich_lion_action_figure/wild_set/images/003.jpg,32.63084049717452,3024,4032,3024,4032
schleich_hereford_bull/wild_set/images/018.jpg,schleich_hereford_bull/wild_set/images/028.jpg,31.025224792486615,3024,4032,4032,3024
water_gun_toy_white/wild_set/images/004.jpg,water_gun_toy_white/wild_set/images/001.jpg,29.49585633777292,3024,4032,4000,6000
well_with_leaf_roof_showpiece/wild_set/images/048.jpg,well_with_leaf_roof_showpiece/wild_set/images/000.jpg,31.867930093023823,3024,4032,3072,4080
can_kernel_corn/wild_set/images/004.jpg,can_kernel_corn/wild_set/images/018.jpg,37.820567109397594,3024,4032,4000,6000
water_gun_toy_green/wild_set/images/013.jpg,water_gun_toy_green/wild_set/images/005.jpg,17.234092302760196,3072,4080,3024,4032
water_gun_toy_white/wild_set/images/045.jpg,water_gun_toy_white/wild_set/images/001.jpg,32.83470007643217,4000,6000,4000,6000
water_gun_toy_white/wild_set/images/029.jpg,water_gun_toy_white/wild_set/images/013.jpg,2.9255930652777433,3024,4032,3072,4080
ice_cream_cart_showpiece/wild_set/images/043.jpg,ice_cream_cart_showpiece/wild_set/images/030.jpg,34.073025629650566,4000,6000,4000,6000
shoe_right_gray_s/wild_set/images/015.jpg,shoe_right_gray_s/wild_set/images/069.jpg,34.33936059053975,3024,4032,3024,4032
circo_fish_toothbrush_holder_14995988/wild_set/images/007.jpg,circo_fish_toothbrush_holder_14995988/wild_set/images/024.jpg,31.974006817417187,3072,4080,3024,4032
schleich_hereford_bull/wild_set/images/011.jpg,schleich_hereford_bull/wild_set/images/018.jpg,27.262340042713753,3456,5184,3024,4032
pumpkin_showpiece_s/wild_set/images/033.jpg,pumpkin_showpiece_s/wild_set/images/071.jpg,11.748474280831074,3024,4032,3024,4032
well_with_leaf_roof_showpiece/wild_set/images/023.jpg,well_with_leaf_roof_showpiece/wild_set/images/028.jpg,24.412085769467097,3024,4032,3024,4032
chicken_racer/wild_set/images/050.jpg,chicken_racer/wild_set/images/013.jpg,34.854305171254815,3456,5184,3024,4032
ice_cream_cart_showpiece/wild_set/images/021.jpg,ice_cream_cart_showpiece/wild_set/images/047.jpg,9.75001315524545,3024,4032,4000,6000
dino_5/wild_set/images/056.jpg,dino_5/wild_set/images/036.jpg,21.41765939532105,3024,4032,3456,5184
ice_cream_cart_showpiece/wild_set/images/001.jpg,ice_cream_cart_showpiece/wild_set/images/021.jpg,31.367201701889897,3024,4032,3024,4032
tumbler_air_balloon/wild_set/images/023.jpg,tumbler_air_balloon/wild_set/images/021.jpg,33.95350808809507,3024,4032,3024,4032
school_bus/wild_set/images/041.jpg,school_bus/wild_set/images/020.jpg,13.618750590031096,3024,4032,3456,5184
water_gun_toy_white/wild_set/images/020.jpg,water_gun_toy_white/wild_set/images/012.jpg,38.86729009705535,3072,4080,3024,4032
tumbler_air_balloon/wild_set/images/043.jpg,tumbler_air_balloon/wild_set/images/021.jpg,27.749007326174468,4000,6000,3024,4032
schleich_african_black_rhino/wild_set/images/062.jpg,schleich_african_black_rhino/wild_set/images/015.jpg,26.798619193700702,3024,4032,3024,4032
chicken_racer/wild_set/images/001.jpg,chicken_racer/wild_set/images/049.jpg,22.73257840753468,3024,4032,3024,4032
fire_engine_toy_red_yellow_s/wild_set/images/068.jpg,fire_engine_toy_red_yellow_s/wild_set/images/012.jpg,21.90514052931801,3024,4032,4000,6000
school_bus/wild_set/images/069.jpg,school_bus/wild_set/images/016.jpg,36.37944109596703,3024,4032,3024,4032
schleich_bald_eagle/wild_set/images/039.jpg,schleich_bald_eagle/wild_set/images/071.jpg,33.49279691903885,3024,4032,3024,4032
steps_small_showpiece/wild_set/images/020.jpg,steps_small_showpiece/wild_set/images/049.jpg,34.2937781229277,3024,4032,3024,4032
dino_5/wild_set/images/006.jpg,dino_5/wild_set/images/030.jpg,33.645686081024884,3072,4080,3024,4032
tumbler_air_balloon/wild_set/images/007.jpg,tumbler_air_balloon/wild_set/images/046.jpg,19.82969481881356,3024,4032,4000,6000
ice_cream_cart_showpiece/wild_set/images/047.jpg,ice_cream_cart_showpiece/wild_set/images/027.jpg,3.623563363008621,4000,6000,4000,6000
welcome_sign_mushrooms/wild_set/images/012.jpg,welcome_sign_mushrooms/wild_set/images/008.jpg,13.919382835881503,3072,4080,3072,4080
hut_mushrooms_showpiece/wild_set/images/010.jpg,hut_mushrooms_showpiece/wild_set/images/024.jpg,25.564294031686718,3024,4032,3024,4032
pumpkin_showpiece_s/wild_set/images/068.jpg,pumpkin_showpiece_s/wild_set/images/064.jpg,19.185669642119898,3024,4032,3024,4032
tumbler_air_balloon/wild_set/images/049.jpg,tumbler_air_balloon/wild_set/images/033.jpg,8.751990069470066,3024,4032,3024,4032
bunny_racer/wild_set/images/041.jpg,bunny_racer/wild_set/images/011.jpg,22.877469785199768,3024,4032,3024,4032
well_with_leaf_roof_showpiece/wild_set/images/000.jpg,well_with_leaf_roof_showpiece/wild_set/images/002.jpg,19.078113793727038,3072,4080,3024,4032
fire_engine_toy_red_yellow_s/wild_set/images/011.jpg,fire_engine_toy_red_yellow_s/wild_set/images/043.jpg,14.992160403222389,3024,4032,3024,4032
shoe_right_gray_s/wild_set/images/025.jpg,shoe_right_gray_s/wild_set/images/054.jpg,33.103189306473155,3024,4032,3024,4032
schleich_hereford_bull/wild_set/images/032.jpg,schleich_hereford_bull/wild_set/images/039.jpg,35.17501472713467,3024,4032,3456,5184
remote_control_toy_car_s/wild_set/images/024.jpg,remote_control_toy_car_s/wild_set/images/038.jpg,9.859323616860474,3024,4032,3024,4032
3d_dollhouse_sink/wild_set/images/005.jpg,3d_dollhouse_sink/wild_set/images/017.jpg,37.31355990193481,3024,4032,3024,4032
tumbler_air_balloon/wild_set/images/041.jpg,tumbler_air_balloon/wild_set/images/017.jpg,33.02335352039787,3072,4080,3024,4032
tumbler_air_balloon/wild_set/images/035.jpg,tumbler_air_balloon/wild_set/images/037.jpg,28.03139654975028,3024,4032,3072,4080
duck_bath_yellow_s/wild_set/images/025.jpg,duck_bath_yellow_s/wild_set/images/071.jpg,33.660234013588735,3024,4032,4032,3024
bunny_racer/wild_set/images/066.jpg,bunny_racer/wild_set/images/008.jpg,20.40725354079677,3024,4032,3024,4032
ice_cream_cart_showpiece/wild_set/images/036.jpg,ice_cream_cart_showpiece/wild_set/images/000.jpg,16.661437978612046,3024,4032,3072,4080
tractor_green_showpiece/wild_set/images/039.jpg,tractor_green_showpiece/wild_set/images/018.jpg,29.77699596879072,3072,4080,3024,4032
can_kernel_corn/wild_set/images/039.jpg,can_kernel_corn/wild_set/images/020.jpg,39.746898255275184,3024,4032,3024,4032
hut_mushrooms_showpiece/wild_set/images/005.jpg,hut_mushrooms_showpiece/wild_set/images/045.jpg,31.76811072455231,3072,4080,3024,4032
welcome_sign_mushrooms/wild_set/images/002.jpg,welcome_sign_mushrooms/wild_set/images/048.jpg,29.18587628813112,3024,4032,3024,4032
schleich_bald_eagle/wild_set/images/021.jpg,schleich_bald_eagle/wild_set/images/085.jpg,25.636151066201297,3024,4032,3456,5184
schleich_hereford_bull/wild_set/images/046.jpg,schleich_hereford_bull/wild_set/images/033.jpg,35.70018143384844,3024,4032,3024,4032
water_gun_toy_white/wild_set/images/034.jpg,water_gun_toy_white/wild_set/images/007.jpg,15.218310686488195,3024,4032,3024,4032
keywest_showpiece_s/wild_set/images/003.jpg,keywest_showpiece_s/wild_set/images/010.jpg,27.38897006948733,3024,4032,3024,4032
welcome_sign_mushrooms/wild_set/images/024.jpg,welcome_sign_mushrooms/wild_set/images/008.jpg,37.407589518001814,3024,4032,3072,4080
water_gun_toy_white/wild_set/images/009.jpg,water_gun_toy_white/wild_set/images/016.jpg,14.187578340083899,3024,4032,3024,4032
circo_fish_toothbrush_holder_14995988/wild_set/images/009.jpg,circo_fish_toothbrush_holder_14995988/wild_set/images/010.jpg,21.132157805288184,3072,4080,3072,4080
duck_bath_yellow_s/wild_set/images/017.jpg,duck_bath_yellow_s/wild_set/images/039.jpg,34.17595232195986,3024,4032,3024,4032
keywest_showpiece_s/wild_set/images/059.jpg,keywest_showpiece_s/wild_set/images/050.jpg,33.833257594669135,3024,4032,3024,4032
welcome_sign_mushrooms/wild_set/images/043.jpg,welcome_sign_mushrooms/wild_set/images/044.jpg,38.87401518494717,4000,6000,3024,4032
steps_small_showpiece/wild_set/images/031.jpg,steps_small_showpiece/wild_set/images/018.jpg,39.55958630624421,3024,4032,3024,4032
pumpkin_showpiece_s/wild_set/images/003.jpg,pumpkin_showpiece_s/wild_set/images/069.jpg,29.111616799162555,3024,4032,3024,4032
dino_5/wild_set/images/060.jpg,dino_5/wild_set/images/011.jpg,35.39684717474825,3024,4032,3456,5184
weisshai_great_white_shark/wild_set/images/009.jpg,weisshai_great_white_shark/wild_set/images/023.jpg,39.59665534244878,3024,4032,3456,5184
schleich_bald_eagle/wild_set/images/037.jpg,schleich_bald_eagle/wild_set/images/071.jpg,29.20633608695414,3024,4032,3024,4032
paper_weight_flowers_showpiece/wild_set/images/030.jpg,paper_weight_flowers_showpiece/wild_set/images/039.jpg,24.718787525969415,3024,4032,3024,4032
soldier_wood_showpiece/wild_set/images/039.jpg,soldier_wood_showpiece/wild_set/images/031.jpg,36.23015431929545,3024,4032,4000,6000
can_kernel_corn/wild_set/images/024.jpg,can_kernel_corn/wild_set/images/044.jpg,33.982804653246134,3024,4032,3024,4032
keywest_showpiece_s/wild_set/images/073.jpg,keywest_showpiece_s/wild_set/images/004.jpg,38.88161174984326,3024,4032,3024,4032
schleich_lion_action_figure/wild_set/images/041.jpg,schleich_lion_action_figure/wild_set/images/060.jpg,5.514824033375992,3024,4032,3024,4032
chicken_racer/wild_set/images/012.jpg,chicken_racer/wild_set/images/052.jpg,23.735808264294953,3024,4032,3024,4032
water_gun_toy_green/wild_set/images/021.jpg,water_gun_toy_green/wild_set/images/045.jpg,29.251463775460937,3024,4032,4000,6000
box_multi_door_colored/wild_set/images/028.jpg,box_multi_door_colored/wild_set/images/004.jpg,22.975250650787757,3024,4032,3024,4032
steps_small_showpiece/wild_set/images/025.jpg,steps_small_showpiece/wild_set/images/049.jpg,7.0188182061214395,3072,4080,3024,4032
weisshai_great_white_shark/wild_set/images/024.jpg,weisshai_great_white_shark/wild_set/images/021.jpg,28.048332584644392,3456,5184,3024,4032
schleich_african_black_rhino/wild_set/images/007.jpg,schleich_african_black_rhino/wild_set/images/065.jpg,32.125828020228354,3024,4032,3024,4032
schleich_african_black_rhino/wild_set/images/017.jpg,schleich_african_black_rhino/wild_set/images/025.jpg,26.404333155909352,3024,4032,3456,5184
hut_mushrooms_showpiece/wild_set/images/021.jpg,hut_mushrooms_showpiece/wild_set/images/004.jpg,22.761392779140436,3024,4032,4000,6000
schleich_spinosaurus_action_figure/wild_set/images/019.jpg,schleich_spinosaurus_action_figure/wild_set/images/032.jpg,35.034361907517344,3072,4080,3456,5184
schleich_spinosaurus_action_figure/wild_set/images/015.jpg,schleich_spinosaurus_action_figure/wild_set/images/012.jpg,12.608957543674089,3072,4080,3456,5184
school_bus/wild_set/images/017.jpg,school_bus/wild_set/images/044.jpg,19.147428261714126,3024,4032,3024,4032
circo_fish_toothbrush_holder_14995988/wild_set/images/004.jpg,circo_fish_toothbrush_holder_14995988/wild_set/images/008.jpg,29.760635224772184,3072,4080,3024,4032
well_with_leaf_roof_showpiece/wild_set/images/038.jpg,well_with_leaf_roof_showpiece/wild_set/images/003.jpg,25.59271420114115,4000,6000,3024,4032
circo_fish_toothbrush_holder_14995988/wild_set/images/026.jpg,circo_fish_toothbrush_holder_14995988/wild_set/images/054.jpg,37.77700576478341,3456,5184,3072,4080
can_kernel_corn/wild_set/images/008.jpg,can_kernel_corn/wild_set/images/007.jpg,11.338072106233344,3024,4032,3024,4032
hut_mushrooms_showpiece/wild_set/images/039.jpg,hut_mushrooms_showpiece/wild_set/images/024.jpg,13.136352137545412,3072,4080,3024,4032
dino_4/wild_set/images/088.jpg,dino_4/wild_set/images/068.jpg,15.79947883260022,3072,4080,3072,4080
hand_drill_cordless_blue_black/wild_set/images/033.jpg,hand_drill_cordless_blue_black/wild_set/images/022.jpg,24.414096472051366,3024,4032,3024,4032
soldier_wood_showpiece/wild_set/images/050.jpg,soldier_wood_showpiece/wild_set/images/009.jpg,22.674636085628944,3024,4032,3024,4032
schleich_lion_action_figure/wild_set/images/063.jpg,schleich_lion_action_figure/wild_set/images/006.jpg,21.029269563586148,3024,4032,3024,4032
steps_small_showpiece/wild_set/images/006.jpg,steps_small_showpiece/wild_set/images/013.jpg,31.10950111133671,3024,4032,3024,4032
water_gun_toy_green/wild_set/images/019.jpg,water_gun_toy_green/wild_set/images/013.jpg,20.75966559687524,3072,4080,3072,4080
duck_bath_yellow_s/wild_set/images/006.jpg,duck_bath_yellow_s/wild_set/images/041.jpg,15.818093776453564,3024,4032,3024,4032
pumpkin_showpiece_s/wild_set/images/074.jpg,pumpkin_showpiece_s/wild_set/images/053.jpg,35.83161579469296,4000,6000,4000,6000
schleich_bald_eagle/wild_set/images/063.jpg,schleich_bald_eagle/wild_set/images/036.jpg,18.430050546232973,3024,4032,3024,4032
pumpkin_showpiece_s/wild_set/images/069.jpg,pumpkin_showpiece_s/wild_set/images/038.jpg,13.20711504733537,3024,4032,3024,4032
3d_dollhouse_sink/wild_set/images/043.jpg,3d_dollhouse_sink/wild_set/images/015.jpg,26.418508842197117,3024,4032,3072,4080
box_multi_door_colored/wild_set/images/054.jpg,box_multi_door_colored/wild_set/images/068.jpg,9.76814928727725,3024,4032,3024,4032
3d_dollhouse_sink/wild_set/images/025.jpg,3d_dollhouse_sink/wild_set/images/043.jpg,38.58537075137191,3456,5184,3024,4032
school_bus/wild_set/images/028.jpg,school_bus/wild_set/images/044.jpg,27.23577971296806,3024,4032,3024,4032
schleich_african_black_rhino/wild_set/images/052.jpg,schleich_african_black_rhino/wild_set/images/027.jpg,35.94497945636516,3024,4032,3024,4032
can_kernel_corn/wild_set/images/048.jpg,can_kernel_corn/wild_set/images/035.jpg,17.135488319012556,3024,4032,3024,4032
water_gun_toy_green/wild_set/images/018.jpg,water_gun_toy_green/wild_set/images/023.jpg,6.465995564735314,3024,4032,3072,4080
schleich_bald_eagle/wild_set/images/063.jpg,schleich_bald_eagle/wild_set/images/080.jpg,18.89244895130746,3024,4032,3024,4032
bunny_racer/wild_set/images/058.jpg,bunny_racer/wild_set/images/038.jpg,26.992103183328435,3024,4032,3024,4032
remote_control_toy_car_s/wild_set/images/062.jpg,remote_control_toy_car_s/wild_set/images/019.jpg,19.637905954606826,4000,6000,3024,4032
can_kernel_corn/wild_set/images/025.jpg,can_kernel_corn/wild_set/images/007.jpg,15.705385112402263,3024,4032,3024,4032
dino_4/wild_set/images/012.jpg,dino_4/wild_set/images/056.jpg,32.73536376532609,3024,4032,3072,4080
water_gun_toy_white/wild_set/images/009.jpg,water_gun_toy_white/wild_set/images/037.jpg,22.32183688677654,3024,4032,4000,6000
bunny_racer/wild_set/images/048.jpg,bunny_racer/wild_set/images/072.jpg,36.039536608142434,3456,5184,3024,4032
can_kernel_corn/wild_set/images/028.jpg,can_kernel_corn/wild_set/images/035.jpg,6.674518680467643,3024,4032,3024,4032
welcome_sign_mushrooms/wild_set/images/031.jpg,welcome_sign_mushrooms/wild_set/images/033.jpg,30.912550111929537,3024,4032,3024,4032
schleich_african_black_rhino/wild_set/images/069.jpg,schleich_african_black_rhino/wild_set/images/030.jpg,23.081414069247593,3024,4032,3024,4032
schleich_lion_action_figure/wild_set/images/015.jpg,schleich_lion_action_figure/wild_set/images/023.jpg,39.9368340037508,3024,4032,3024,4032
box_multi_door_colored/wild_set/images/045.jpg,box_multi_door_colored/wild_set/images/030.jpg,24.203313411665928,3024,4032,3024,4032
dino_5/wild_set/images/051.jpg,dino_5/wild_set/images/030.jpg,18.590217899650796,3072,4080,3024,4032
schleich_lion_action_figure/wild_set/images/068.jpg,schleich_lion_action_figure/wild_set/images/018.jpg,24.8967622425537,3024,4032,3024,4032
schleich_lion_action_figure/wild_set/images/006.jpg,schleich_lion_action_figure/wild_set/images/044.jpg,29.205812275148197,3024,4032,3456,5184
chicken_racer/wild_set/images/033.jpg,chicken_racer/wild_set/images/020.jpg,32.43803322325853,3024,4032,3024,4032
water_gun_toy_yellow/wild_set/images/044.jpg,water_gun_toy_yellow/wild_set/images/029.jpg,21.82914786111522,4000,6000,3024,4032
water_gun_toy_white/wild_set/images/008.jpg,water_gun_toy_white/wild_set/images/029.jpg,7.902556150566974,4000,6000,3024,4032
duck_bath_yellow_s/wild_set/images/078.jpg,duck_bath_yellow_s/wild_set/images/006.jpg,35.420715663061245,3024,4032,3024,4032
tractor_green_showpiece/wild_set/images/009.jpg,tractor_green_showpiece/wild_set/images/044.jpg,37.11085596621648,4000,6000,3024,4032
paper_weight_flowers_showpiece/wild_set/images/010.jpg,paper_weight_flowers_showpiece/wild_set/images/000.jpg,36.00963037160883,3024,4032,3072,4080
remote_control_toy_car_s/wild_set/images/031.jpg,remote_control_toy_car_s/wild_set/images/013.jpg,35.991430240224595,4000,6000,3024,4032
circo_fish_toothbrush_holder_14995988/wild_set/images/048.jpg,circo_fish_toothbrush_holder_14995988/wild_set/images/042.jpg,28.298946464338066,3072,4080,3456,5184
3d_dollhouse_sink/wild_set/images/069.jpg,3d_dollhouse_sink/wild_set/images/029.jpg,23.302571446554577,3024,4032,3456,5184
schleich_lion_action_figure/wild_set/images/052.jpg,schleich_lion_action_figure/wild_set/images/028.jpg,34.79400963898645,3024,4032,3024,4032
schleich_spinosaurus_action_figure/wild_set/images/024.jpg,schleich_spinosaurus_action_figure/wild_set/images/022.jpg,25.656930630778245,3024,4032,3072,4080
steps_small_showpiece/wild_set/images/011.jpg,steps_small_showpiece/wild_set/images/030.jpg,16.539781488856335,3024,4032,4000,6000
welcome_sign_mushrooms/wild_set/images/015.jpg,welcome_sign_mushrooms/wild_set/images/004.jpg,9.99421607025955,4000,6000,4000,6000
can_kernel_corn/wild_set/images/028.jpg,can_kernel_corn/wild_set/images/018.jpg,31.658989563151074,3024,4032,4000,6000
hand_drill_cordless_blue_black/wild_set/images/048.jpg,hand_drill_cordless_blue_black/wild_set/images/001.jpg,32.337634389594655,3024,4032,3024,4032
water_gun_toy_yellow/wild_set/images/026.jpg,water_gun_toy_yellow/wild_set/images/008.jpg,19.018696241369664,3024,4032,3072,4080
dino_4/wild_set/images/008.jpg,dino_4/wild_set/images/064.jpg,29.328397709375025,3024,4032,3072,4080
hut_mushrooms_showpiece/wild_set/images/005.jpg,hut_mushrooms_showpiece/wild_set/images/018.jpg,16.36672227161813,3072,4080,3024,4032
hand_drill_cordless_blue_black/wild_set/images/000.jpg,hand_drill_cordless_blue_black/wild_set/images/031.jpg,27.01731843258344,3024,4032,4000,6000
tumbler_air_balloon/wild_set/images/014.jpg,tumbler_air_balloon/wild_set/images/048.jpg,12.725965465189887,3024,4032,3024,4032
water_gun_toy_green/wild_set/images/027.jpg,water_gun_toy_green/wild_set/images/023.jpg,11.072894268029106,3072,4080,3072,4080
school_bus/wild_set/images/035.jpg,school_bus/wild_set/images/029.jpg,35.72675307902047,3024,4032,3024,4032
water_gun_toy_white/wild_set/images/012.jpg,water_gun_toy_white/wild_set/images/007.jpg,38.811224647058914,3024,4032,3024,4032
pumpkin_showpiece_s/wild_set/images/005.jpg,pumpkin_showpiece_s/wild_set/images/063.jpg,25.405806195908134,3024,4032,3024,4032
garbage_truck_green_toy_s/wild_set/images/067.jpg,garbage_truck_green_toy_s/wild_set/images/011.jpg,14.704826965579151,3024,4032,3024,4032
weisshai_great_white_shark/wild_set/images/001.jpg,weisshai_great_white_shark/wild_set/images/033.jpg,37.21413153635628,3024,4032,3024,4032
garbage_truck_green_toy_s/wild_set/images/039.jpg,garbage_truck_green_toy_s/wild_set/images/034.jpg,28.20551918953489,3024,4032,3024,4032
schleich_spinosaurus_action_figure/wild_set/images/038.jpg,schleich_spinosaurus_action_figure/wild_set/images/005.jpg,19.8942590523635,3456,5184,3072,4080
box_multi_door_colored/wild_set/images/073.jpg,box_multi_door_colored/wild_set/images/020.jpg,39.873505435549085,3024,4032,4000,6000
schleich_african_black_rhino/wild_set/images/000.jpg,schleich_african_black_rhino/wild_set/images/008.jpg,26.84202478948198,3456,5184,3456,5184
garbage_truck_green_toy_s/wild_set/images/017.jpg,garbage_truck_green_toy_s/wild_set/images/041.jpg,28.259838640592466,3024,4032,3024,4032
tumbler_air_balloon/wild_set/images/032.jpg,tumbler_air_balloon/wild_set/images/033.jpg,10.972669594049744,3024,4032,3024,4032
schleich_hereford_bull/wild_set/images/037.jpg,schleich_hereford_bull/wild_set/images/026.jpg,9.433217141246566,3024,4032,3024,4032
tumbler_air_balloon/wild_set/images/008.jpg,tumbler_air_balloon/wild_set/images/016.jpg,20.34667342166463,3072,4080,3024,4032
box_multi_door_colored/wild_set/images/049.jpg,box_multi_door_colored/wild_set/images/013.jpg,11.984961040004253,3024,4032,3024,4032
tractor_green_showpiece/wild_set/images/029.jpg,tractor_green_showpiece/wild_set/images/048.jpg,12.894516272378162,3072,4080,3024,4032
keywest_showpiece_s/wild_set/images/046.jpg,keywest_showpiece_s/wild_set/images/072.jpg,39.26584201143134,3024,4032,3024,4032
schleich_bald_eagle/wild_set/images/021.jpg,schleich_bald_eagle/wild_set/images/068.jpg,11.557374928376337,3024,4032,3024,4032
dino_5/wild_set/images/063.jpg,dino_5/wild_set/images/078.jpg,18.537252087579805,3024,4032,3024,4032
welcome_sign_mushrooms/wild_set/images/004.jpg,welcome_sign_mushrooms/wild_set/images/012.jpg,21.662597727716054,4000,6000,3072,4080
weisshai_great_white_shark/wild_set/images/024.jpg,weisshai_great_white_shark/wild_set/images/002.jpg,38.56070159762157,3456,5184,3024,4032
hut_mushrooms_showpiece/wild_set/images/001.jpg,hut_mushrooms_showpiece/wild_set/images/036.jpg,18.834649511380277,3024,4032,3024,4032
schleich_spinosaurus_action_figure/wild_set/images/035.jpg,schleich_spinosaurus_action_figure/wild_set/images/038.jpg,39.125657373041626,3456,5184,3456,5184
schleich_hereford_bull/wild_set/images/039.jpg,schleich_hereford_bull/wild_set/images/040.jpg,20.66128159679964,3456,5184,3024,4032
bunny_racer/wild_set/images/016.jpg,bunny_racer/wild_set/images/063.jpg,11.413001359377812,3024,4032,3024,4032
schleich_hereford_bull/wild_set/images/003.jpg,schleich_hereford_bull/wild_set/images/030.jpg,15.71052462975465,3024,4032,3024,4032
weisshai_great_white_shark/wild_set/images/004.jpg,weisshai_great_white_shark/wild_set/images/019.jpg,38.28229924369134,3456,5184,3024,4032
tractor_green_showpiece/wild_set/images/034.jpg,tractor_green_showpiece/wild_set/images/038.jpg,30.53038364402481,4000,6000,4000,6000
dino_4/wild_set/images/070.jpg,dino_4/wild_set/images/019.jpg,35.74012001352431,3024,4032,3024,4032
bunny_racer/wild_set/images/010.jpg,bunny_racer/wild_set/images/063.jpg,30.049257554947477,3024,4032,3024,4032
bunny_racer/wild_set/images/002.jpg,bunny_racer/wild_set/images/071.jpg,19.771633222436776,3024,4032,3024,4032
shoe_right_gray_s/wild_set/images/010.jpg,shoe_right_gray_s/wild_set/images/040.jpg,37.14217452497132,3024,4032,3024,4032
remote_control_toy_car_s/wild_set/images/055.jpg,remote_control_toy_car_s/wild_set/images/068.jpg,30.64424954607041,3024,4032,3024,4032
garbage_truck_green_toy_s/wild_set/images/007.jpg,garbage_truck_green_toy_s/wild_set/images/068.jpg,8.98800778115523,3024,4032,3024,4032
hut_mushrooms_showpiece/wild_set/images/020.jpg,hut_mushrooms_showpiece/wild_set/images/049.jpg,35.844572738011635,3024,4032,3024,4032
well_with_leaf_roof_showpiece/wild_set/images/038.jpg,well_with_leaf_roof_showpiece/wild_set/images/031.jpg,12.945070617992458,4000,6000,3024,4032
remote_control_toy_car_s/wild_set/images/065.jpg,remote_control_toy_car_s/wild_set/images/064.jpg,11.843495733779655,3024,4032,3024,4032
soldier_wood_showpiece/wild_set/images/063.jpg,soldier_wood_showpiece/wild_set/images/032.jpg,22.309314725047987,3024,4032,3024,4032
box_multi_door_colored/wild_set/images/008.jpg,box_multi_door_colored/wild_set/images/070.jpg,27.12314448635032,3024,4032,3024,4032
shoe_right_gray_s/wild_set/images/078.jpg,shoe_right_gray_s/wild_set/images/008.jpg,29.687217545801214,3024,4032,3024,4032
ice_cream_cart_showpiece/wild_set/images/014.jpg,ice_cream_cart_showpiece/wild_set/images/039.jpg,21.900284416145258,3024,4032,3072,4080
welcome_sign_mushrooms/wild_set/images/021.jpg,welcome_sign_mushrooms/wild_set/images/028.jpg,19.849926407571036,3024,4032,3024,4032
fire_engine_toy_red_yellow_s/wild_set/images/045.jpg,fire_engine_toy_red_yellow_s/wild_set/images/073.jpg,21.757410846756585,3024,4032,3024,4032
schleich_african_black_rhino/wild_set/images/013.jpg,schleich_african_black_rhino/wild_set/images/035.jpg,20.135514267181083,3024,4032,3024,4032
tractor_green_showpiece/wild_set/images/049.jpg,tractor_green_showpiece/wild_set/images/023.jpg,31.15336722046361,3024,4032,3024,4032
schleich_lion_action_figure/wild_set/images/040.jpg,schleich_lion_action_figure/wild_set/images/012.jpg,13.547862412965632,3024,4032,3024,4032
circo_fish_toothbrush_holder_14995988/wild_set/images/055.jpg,circo_fish_toothbrush_holder_14995988/wild_set/images/029.jpg,32.450379382864895,3456,5184,3072,4080
chicken_racer/wild_set/images/034.jpg,chicken_racer/wild_set/images/030.jpg,35.31542390692539,3024,4032,3024,4032
water_gun_toy_yellow/wild_set/images/034.jpg,water_gun_toy_yellow/wild_set/images/040.jpg,27.992013237944594,3024,4032,3072,4080
hut_mushrooms_showpiece/wild_set/images/015.jpg,hut_mushrooms_showpiece/wild_set/images/049.jpg,31.619503396987998,4000,6000,3024,4032
well_with_leaf_roof_showpiece/wild_set/images/036.jpg,well_with_leaf_roof_showpiece/wild_set/images/023.jpg,7.662471576030243,3024,4032,3024,4032
schleich_bald_eagle/wild_set/images/036.jpg,schleich_bald_eagle/wild_set/images/031.jpg,35.59286168071454,3024,4032,3024,4032
dino_4/wild_set/images/034.jpg,dino_4/wild_set/images/044.jpg,26.321417342818968,3072,4080,3072,4080
water_gun_toy_green/wild_set/images/032.jpg,water_gun_toy_green/wild_set/images/021.jpg,35.2682742601681,3024,4032,3024,4032
steps_small_showpiece/wild_set/images/035.jpg,steps_small_showpiece/wild_set/images/009.jpg,26.706687854552367,3024,4032,4000,6000
dino_5/wild_set/images/051.jpg,dino_5/wild_set/images/033.jpg,18.378698521579672,3072,4080,3024,4032
shoe_right_gray_s/wild_set/images/008.jpg,shoe_right_gray_s/wild_set/images/001.jpg,9.107032790444274,3024,4032,3024,4032
dino_4/wild_set/images/071.jpg,dino_4/wild_set/images/068.jpg,20.539810319019875,3024,4032,3072,4080
keywest_showpiece_s/wild_set/images/079.jpg,keywest_showpiece_s/wild_set/images/028.jpg,18.838276653497857,3024,4032,4000,6000
well_with_leaf_roof_showpiece/wild_set/images/030.jpg,well_with_leaf_roof_showpiece/wild_set/images/011.jpg,25.74151493915435,4000,6000,3024,4032
schleich_spinosaurus_action_figure/wild_set/images/037.jpg,schleich_spinosaurus_action_figure/wild_set/images/027.jpg,21.22093395947162,3456,5184,3072,4080
weisshai_great_white_shark/wild_set/images/010.jpg,weisshai_great_white_shark/wild_set/images/023.jpg,21.86575714945894,3024,4032,3456,5184
3d_dollhouse_sink/wild_set/images/013.jpg,3d_dollhouse_sink/wild_set/images/027.jpg,31.26394504239318,3024,4032,3072,4080
3d_dollhouse_sink/wild_set/images/030.jpg,3d_dollhouse_sink/wild_set/images/001.jpg,39.4090012179594,3456,5184,3024,4032
steps_small_showpiece/wild_set/images/040.jpg,steps_small_showpiece/wild_set/images/015.jpg,13.689344858934799,3024,4032,4000,6000
school_bus/wild_set/images/040.jpg,school_bus/wild_set/images/038.jpg,21.878572007872233,3024,4032,3024,4032
weisshai_great_white_shark/wild_set/images/040.jpg,weisshai_great_white_shark/wild_set/images/033.jpg,32.937188314909804,3024,4032,3024,4032
tumbler_air_balloon/wild_set/images/004.jpg,tumbler_air_balloon/wild_set/images/041.jpg,38.82572690843418,4000,6000,3072,4080
duck_bath_yellow_s/wild_set/images/005.jpg,duck_bath_yellow_s/wild_set/images/009.jpg,37.958476923619386,3024,4032,3024,4032
dino_4/wild_set/images/061.jpg,dino_4/wild_set/images/001.jpg,18.09830837308379,3072,4080,3072,4080
water_gun_toy_yellow/wild_set/images/044.jpg,water_gun_toy_yellow/wild_set/images/032.jpg,37.97329200896412,4000,6000,4000,6000
schleich_spinosaurus_action_figure/wild_set/images/015.jpg,schleich_spinosaurus_action_figure/wild_set/images/037.jpg,6.822058229970339,3072,4080,3456,5184
water_gun_toy_yellow/wild_set/images/021.jpg,water_gun_toy_yellow/wild_set/images/019.jpg,21.050596422720123,3072,4080,3024,4032
keywest_showpiece_s/wild_set/images/068.jpg,keywest_showpiece_s/wild_set/images/064.jpg,31.225275268426625,3024,4032,3024,4032
chicken_racer/wild_set/images/013.jpg,chicken_racer/wild_set/images/031.jpg,26.990627367264317,3024,4032,4032,3024
schleich_hereford_bull/wild_set/images/004.jpg,schleich_hereford_bull/wild_set/images/054.jpg,17.416131696296212,3024,4032,3024,4032
bunny_racer/wild_set/images/004.jpg,bunny_racer/wild_set/images/046.jpg,32.71995625375471,3024,4032,3024,4032
pumpkin_showpiece_s/wild_set/images/014.jpg,pumpkin_showpiece_s/wild_set/images/065.jpg,34.37093003741644,3024,4032,3024,4032
fire_engine_toy_red_yellow_s/wild_set/images/061.jpg,fire_engine_toy_red_yellow_s/wild_set/images/068.jpg,33.92941994099372,3024,4032,3024,4032
duck_bath_yellow_s/wild_set/images/068.jpg,duck_bath_yellow_s/wild_set/images/034.jpg,27.93164166665608,3024,4032,3024,4032
schleich_spinosaurus_action_figure/wild_set/images/023.jpg,schleich_spinosaurus_action_figure/wild_set/images/000.jpg,39.08037562317137,3024,4032,3072,4080
circo_fish_toothbrush_holder_14995988/wild_set/images/054.jpg,circo_fish_toothbrush_holder_14995988/wild_set/images/042.jpg,24.30101550598687,3072,4080,3456,5184
paper_weight_flowers_showpiece/wild_set/images/043.jpg,paper_weight_flowers_showpiece/wild_set/images/030.jpg,9.664547649932736,3024,4032,3024,4032
tractor_green_showpiece/wild_set/images/025.jpg,tractor_green_showpiece/wild_set/images/045.jpg,19.65498341852159,3072,4080,3024,4032
circo_fish_toothbrush_holder_14995988/wild_set/images/012.jpg,circo_fish_toothbrush_holder_14995988/wild_set/images/044.jpg,15.996453346529007,4032,3024,3024,4032
ice_cream_cart_showpiece/wild_set/images/015.jpg,ice_cream_cart_showpiece/wild_set/images/029.jpg,14.075707470101076,4000,6000,3072,4080
dino_4/wild_set/images/003.jpg,dino_4/wild_set/images/080.jpg,39.34165549132327,3072,4080,3072,4080
welcome_sign_mushrooms/wild_set/images/036.jpg,welcome_sign_mushrooms/wild_set/images/043.jpg,31.27986918545197,3024,4032,4000,6000
water_gun_toy_yellow/wild_set/images/002.jpg,water_gun_toy_yellow/wild_set/images/013.jpg,31.22787133917506,3024,4032,3024,4032
bunny_racer/wild_set/images/062.jpg,bunny_racer/wild_set/images/014.jpg,39.52594314820336,3456,5184,3024,4032
water_gun_toy_yellow/wild_set/images/006.jpg,water_gun_toy_yellow/wild_set/images/039.jpg,5.850560189592039,3024,4032,3072,4080
duck_bath_yellow_s/wild_set/images/051.jpg,duck_bath_yellow_s/wild_set/images/036.jpg,30.354862459137824,3024,4032,3024,4032
dino_5/wild_set/images/028.jpg,dino_5/wild_set/images/024.jpg,29.65045104136624,3456,5184,3072,4080
hut_mushrooms_showpiece/wild_set/images/007.jpg,hut_mushrooms_showpiece/wild_set/images/028.jpg,22.950186685964173,3024,4032,3024,4032
soldier_wood_showpiece/wild_set/images/039.jpg,soldier_wood_showpiece/wild_set/images/032.jpg,13.663665666632065,3024,4032,3024,4032
shoe_right_gray_s/wild_set/images/001.jpg,shoe_right_gray_s/wild_set/images/000.jpg,38.578637763163144,3024,4032,3024,4032
water_gun_toy_white/wild_set/images/008.jpg,water_gun_toy_white/wild_set/images/039.jpg,18.635836674976353,4000,6000,3024,4032
pumpkin_showpiece_s/wild_set/images/003.jpg,pumpkin_showpiece_s/wild_set/images/032.jpg,26.901933069967505,3024,4032,3024,4032
schleich_lion_action_figure/wild_set/images/033.jpg,schleich_lion_action_figure/wild_set/images/015.jpg,23.593461835887204,3024,4032,3024,4032
paper_weight_flowers_showpiece/wild_set/images/038.jpg,paper_weight_flowers_showpiece/wild_set/images/019.jpg,37.10252367244251,3072,4080,3072,4080
schleich_african_black_rhino/wild_set/images/008.jpg,schleich_african_black_rhino/wild_set/images/047.jpg,31.67051925949159,3456,5184,3024,4032
schleich_spinosaurus_action_figure/wild_set/images/012.jpg,schleich_spinosaurus_action_figure/wild_set/images/027.jpg,30.868143317328393,3456,5184,3072,4080
water_gun_toy_yellow/wild_set/images/008.jpg,water_gun_toy_yellow/wild_set/images/011.jpg,30.422953789835827,3072,4080,3024,4032
remote_control_toy_car_s/wild_set/images/060.jpg,remote_control_toy_car_s/wild_set/images/054.jpg,28.324295438775085,3024,4032,3024,4032
3d_dollhouse_sink/wild_set/images/052.jpg,3d_dollhouse_sink/wild_set/images/005.jpg,15.212784334105093,4032,3024,3024,4032
garbage_truck_green_toy_s/wild_set/images/019.jpg,garbage_truck_green_toy_s/wild_set/images/059.jpg,35.214224853308764,3024,4032,3024,4032
schleich_african_black_rhino/wild_set/images/062.jpg,schleich_african_black_rhino/wild_set/images/030.jpg,18.215025416879033,3024,4032,3024,4032
fire_engine_toy_red_yellow_s/wild_set/images/010.jpg,fire_engine_toy_red_yellow_s/wild_set/images/070.jpg,28.333914091766136,3024,4032,3024,4032
duck_bath_yellow_s/wild_set/images/023.jpg,duck_bath_yellow_s/wild_set/images/028.jpg,14.517856934456328,3024,4032,4000,6000
circo_fish_toothbrush_holder_14995988/wild_set/images/009.jpg,circo_fish_toothbrush_holder_14995988/wild_set/images/006.jpg,18.422374598772773,3072,4080,3072,4080
water_gun_toy_green/wild_set/images/018.jpg,water_gun_toy_green/wild_set/images/029.jpg,37.847866248064214,3024,4032,3024,4032
steps_small_showpiece/wild_set/images/043.jpg,steps_small_showpiece/wild_set/images/039.jpg,36.28632358927168,4000,6000,3072,4080
dino_5/wild_set/images/022.jpg,dino_5/wild_set/images/071.jpg,34.76840370871529,3072,4080,3072,4080
soldier_wood_showpiece/wild_set/images/053.jpg,soldier_wood_showpiece/wild_set/images/049.jpg,30.172215169251995,3024,4032,3024,4032
paper_weight_flowers_showpiece/wild_set/images/035.jpg,paper_weight_flowers_showpiece/wild_set/images/044.jpg,21.163628500527956,3024,4032,3024,4032
schleich_bald_eagle/wild_set/images/071.jpg,schleich_bald_eagle/wild_set/images/021.jpg,37.79351635081494,3024,4032,3024,4032
schleich_bald_eagle/wild_set/images/017.jpg,schleich_bald_eagle/wild_set/images/002.jpg,33.2523923175764,3024,4032,3024,4032
hand_drill_cordless_blue_black/wild_set/images/051.jpg,hand_drill_cordless_blue_black/wild_set/images/001.jpg,39.671985071568535,3024,4032,3024,4032
steps_small_showpiece/wild_set/images/036.jpg,steps_small_showpiece/wild_set/images/000.jpg,4.536847957320905,3024,4032,3072,4080
well_with_leaf_roof_showpiece/wild_set/images/002.jpg,well_with_leaf_roof_showpiece/wild_set/images/049.jpg,6.2612082567602325,3024,4032,3024,4032
garbage_truck_green_toy_s/wild_set/images/029.jpg,garbage_truck_green_toy_s/wild_set/images/018.jpg,31.509213506326066,3024,4032,4000,6000
schleich_lion_action_figure/wild_set/images/018.jpg,schleich_lion_action_figure/wild_set/images/028.jpg,17.655033405758374,3024,4032,3024,4032
shoe_right_gray_s/wild_set/images/038.jpg,shoe_right_gray_s/wild_set/images/049.jpg,37.352994418265354,3024,4032,3024,4032
schleich_bald_eagle/wild_set/images/039.jpg,schleich_bald_eagle/wild_set/images/002.jpg,24.48335959387256,3024,4032,3024,4032
school_bus/wild_set/images/063.jpg,school_bus/wild_set/images/028.jpg,26.513629962295912,3024,4032,3024,4032
remote_control_toy_car_s/wild_set/images/013.jpg,remote_control_toy_car_s/wild_set/images/009.jpg,23.660943638687467,3024,4032,4000,6000
hut_mushrooms_showpiece/wild_set/images/020.jpg,hut_mushrooms_showpiece/wild_set/images/008.jpg,10.739696107294355,3024,4032,3072,4080
tractor_green_showpiece/wild_set/images/003.jpg,tractor_green_showpiece/wild_set/images/031.jpg,21.411335244824926,3024,4032,3024,4032
school_bus/wild_set/images/006.jpg,school_bus/wild_set/images/031.jpg,31.880315742747307,3024,4032,3024,4032
bunny_racer/wild_set/images/037.jpg,bunny_racer/wild_set/images/017.jpg,28.13562538341223,3024,4032,3024,4032
ice_cream_cart_showpiece/wild_set/images/012.jpg,ice_cream_cart_showpiece/wild_set/images/018.jpg,35.90844368889582,3072,4080,3024,4032
3d_dollhouse_sink/wild_set/images/048.jpg,3d_dollhouse_sink/wild_set/images/041.jpg,17.139738101132185,3456,5184,3024,4032
steps_small_showpiece/wild_set/images/020.jpg,steps_small_showpiece/wild_set/images/023.jpg,28.607291187266686,3024,4032,3024,4032
tumbler_air_balloon/wild_set/images/027.jpg,tumbler_air_balloon/wild_set/images/010.jpg,21.366102851530083,4000,6000,3024,4032
welcome_sign_mushrooms/wild_set/images/033.jpg,welcome_sign_mushrooms/wild_set/images/009.jpg,24.89691922835126,3024,4032,4000,6000
schleich_lion_action_figure/wild_set/images/063.jpg,schleich_lion_action_figure/wild_set/images/061.jpg,15.860419064407402,3024,4032,3024,4032
school_bus/wild_set/images/031.jpg,school_bus/wild_set/images/010.jpg,29.956998783692587,3024,4032,3024,4032
box_multi_door_colored/wild_set/images/021.jpg,box_multi_door_colored/wild_set/images/072.jpg,37.3347883378756,3024,4032,3024,4032
garbage_truck_green_toy_s/wild_set/images/054.jpg,garbage_truck_green_toy_s/wild_set/images/067.jpg,27.57794061372317,3024,4032,3024,4032
schleich_hereford_bull/wild_set/images/036.jpg,schleich_hereford_bull/wild_set/images/029.jpg,14.046681943771338,3024,4032,3024,4032
hand_drill_cordless_blue_black/wild_set/images/023.jpg,hand_drill_cordless_blue_black/wild_set/images/077.jpg,35.58858593817124,3024,4032,3024,4032
soldier_wood_showpiece/wild_set/images/000.jpg,soldier_wood_showpiece/wild_set/images/057.jpg,20.66941145913935,3024,4032,3024,4032
keywest_showpiece_s/wild_set/images/024.jpg,keywest_showpiece_s/wild_set/images/018.jpg,24.906653866223717,3024,4032,4000,6000
box_multi_door_colored/wild_set/images/015.jpg,box_multi_door_colored/wild_set/images/039.jpg,10.175802532497967,3024,4032,3024,4032
welcome_sign_mushrooms/wild_set/images/016.jpg,welcome_sign_mushrooms/wild_set/images/002.jpg,19.9708298098883,3024,4032,3024,4032
paper_weight_flowers_showpiece/wild_set/images/039.jpg,paper_weight_flowers_showpiece/wild_set/images/026.jpg,28.550844756130214,3024,4032,3024,4032
schleich_african_black_rhino/wild_set/images/034.jpg,schleich_african_black_rhino/wild_set/images/064.jpg,18.800085168633892,3024,4032,3024,4032
paper_weight_flowers_showpiece/wild_set/images/002.jpg,paper_weight_flowers_showpiece/wild_set/images/045.jpg,30.289298551344984,3072,4080,4000,6000
duck_bath_yellow_s/wild_set/images/061.jpg,duck_bath_yellow_s/wild_set/images/076.jpg,23.01873631654238,4000,6000,3024,4032
schleich_lion_action_figure/wild_set/images/052.jpg,schleich_lion_action_figure/wild_set/images/043.jpg,39.31512035722055,3024,4032,3024,4032
duck_bath_yellow_s/wild_set/images/044.jpg,duck_bath_yellow_s/wild_set/images/001.jpg,5.910837986393377,3024,4032,3024,4032
dino_4/wild_set/images/029.jpg,dino_4/wild_set/images/064.jpg,22.753383765221503,3072,4080,3072,4080
garbage_truck_green_toy_s/wild_set/images/016.jpg,garbage_truck_green_toy_s/wild_set/images/040.jpg,24.98709084092953,4000,6000,3024,4032
dino_5/wild_set/images/050.jpg,dino_5/wild_set/images/036.jpg,6.793425118041026,3072,4080,3456,5184
schleich_hereford_bull/wild_set/images/060.jpg,schleich_hereford_bull/wild_set/images/027.jpg,25.647535359808234,3024,4032,3024,4032
can_kernel_corn/wild_set/images/020.jpg,can_kernel_corn/wild_set/images/018.jpg,30.947090405715304,3024,4032,4000,6000
keywest_showpiece_s/wild_set/images/063.jpg,keywest_showpiece_s/wild_set/images/073.jpg,13.952359594577189,3024,4032,3024,4032
school_bus/wild_set/images/035.jpg,school_bus/wild_set/images/016.jpg,33.67080281483439,3024,4032,3024,4032
weisshai_great_white_shark/wild_set/images/033.jpg,weisshai_great_white_shark/wild_set/images/002.jpg,26.47447435137452,3024,4032,3024,4032
tumbler_air_balloon/wild_set/images/032.jpg,tumbler_air_balloon/wild_set/images/014.jpg,6.242212389461758,3024,4032,3024,4032
schleich_bald_eagle/wild_set/images/052.jpg,schleich_bald_eagle/wild_set/images/031.jpg,31.14441929863964,3024,4032,3024,4032
keywest_showpiece_s/wild_set/images/057.jpg,keywest_showpiece_s/wild_set/images/075.jpg,17.743233278131566,3024,4032,3024,4032
box_multi_door_colored/wild_set/images/020.jpg,box_multi_door_colored/wild_set/images/048.jpg,30.647671424314247,4000,6000,3024,4032
steps_small_showpiece/wild_set/images/010.jpg,steps_small_showpiece/wild_set/images/037.jpg,22.035879111659185,3024,4032,3072,4080
chicken_racer/wild_set/images/038.jpg,chicken_racer/wild_set/images/050.jpg,37.07632558620115,3024,4032,3456,5184
paper_weight_flowers_showpiece/wild_set/images/003.jpg,paper_weight_flowers_showpiece/wild_set/images/047.jpg,33.59491158706609,3024,4032,3024,4032
weisshai_great_white_shark/wild_set/images/008.jpg,weisshai_great_white_shark/wild_set/images/021.jpg,22.361811170475498,3024,4032,3024,4032
circo_fish_toothbrush_holder_14995988/wild_set/images/029.jpg,circo_fish_toothbrush_holder_14995988/wild_set/images/065.jpg,30.95074517179764,3072,4080,3072,4080
dino_5/wild_set/images/007.jpg,dino_5/wild_set/images/019.jpg,35.40851562255245,3024,4032,3024,4032
box_multi_door_colored/wild_set/images/005.jpg,box_multi_door_colored/wild_set/images/054.jpg,16.68841685407235,3024,4032,3024,4032
chicken_racer/wild_set/images/023.jpg,chicken_racer/wild_set/images/034.jpg,34.644121305807694,3024,4032,3024,4032
tractor_green_showpiece/wild_set/images/001.jpg,tractor_green_showpiece/wild_set/images/017.jpg,9.735720771950994,3024,4032,3024,4032
box_multi_door_colored/wild_set/images/035.jpg,box_multi_door_colored/wild_set/images/009.jpg,17.111736312231567,3024,4032,4000,6000
paper_weight_flowers_showpiece/wild_set/images/017.jpg,paper_weight_flowers_showpiece/wild_set/images/026.jpg,17.341652205306058,3024,4032,3024,4032
water_gun_toy_yellow/wild_set/images/019.jpg,water_gun_toy_yellow/wild_set/images/006.jpg,13.74473263937727,3024,4032,3024,4032
welcome_sign_mushrooms/wild_set/images/019.jpg,welcome_sign_mushrooms/wild_set/images/027.jpg,15.755036153447348,3072,4080,4000,6000
keywest_showpiece_s/wild_set/images/030.jpg,keywest_showpiece_s/wild_set/images/034.jpg,23.17562669035008,3024,4032,3024,4032
water_gun_toy_yellow/wild_set/images/027.jpg,water_gun_toy_yellow/wild_set/images/032.jpg,20.748316182603602,3024,4032,4000,6000
school_bus/wild_set/images/029.jpg,school_bus/wild_set/images/036.jpg,22.262513443717282,3024,4032,3456,5184
ice_cream_cart_showpiece/wild_set/images/040.jpg,ice_cream_cart_showpiece/wild_set/images/006.jpg,28.948675819701872,3024,4032,3024,4032
paper_weight_flowers_showpiece/wild_set/images/046.jpg,paper_weight_flowers_showpiece/wild_set/images/023.jpg,13.523636569583529,4000,6000,3072,4080
schleich_spinosaurus_action_figure/wild_set/images/020.jpg,schleich_spinosaurus_action_figure/wild_set/images/047.jpg,36.429891686020255,3072,4080,4032,3024
fire_engine_toy_red_yellow_s/wild_set/images/048.jpg,fire_engine_toy_red_yellow_s/wild_set/images/029.jpg,39.99617333399393,3024,4032,3024,4032
pumpkin_showpiece_s/wild_set/images/064.jpg,pumpkin_showpiece_s/wild_set/images/011.jpg,34.880976881572,3024,4032,3024,4032
remote_control_toy_car_s/wild_set/images/004.jpg,remote_control_toy_car_s/wild_set/images/064.jpg,36.66798688128339,3024,4032,3024,4032
dino_5/wild_set/images/034.jpg,dino_5/wild_set/images/039.jpg,39.37148816049794,3024,4032,3024,4032
soldier_wood_showpiece/wild_set/images/018.jpg,soldier_wood_showpiece/wild_set/images/028.jpg,39.61594403255621,4000,6000,4000,6000
3d_dollhouse_sink/wild_set/images/017.jpg,3d_dollhouse_sink/wild_set/images/032.jpg,14.296751495466369,3024,4032,3072,4080
chicken_racer/wild_set/images/008.jpg,chicken_racer/wild_set/images/000.jpg,25.613854914405998,3024,4032,3024,4032
3d_dollhouse_sink/wild_set/images/028.jpg,3d_dollhouse_sink/wild_set/images/051.jpg,34.79528546800942,3024,4032,3024,4032
remote_control_toy_car_s/wild_set/images/053.jpg,remote_control_toy_car_s/wild_set/images/063.jpg,26.738930466280955,3024,4032,3024,4032
pumpkin_showpiece_s/wild_set/images/044.jpg,pumpkin_showpiece_s/wild_set/images/026.jpg,24.877149045279356,3024,4032,3024,4032
ice_cream_cart_showpiece/wild_set/images/025.jpg,ice_cream_cart_showpiece/wild_set/images/040.jpg,37.031772635460975,3072,4080,3024,4032
schleich_african_black_rhino/wild_set/images/065.jpg,schleich_african_black_rhino/wild_set/images/064.jpg,15.542149328063195,3024,4032,3024,4032
fire_engine_toy_red_yellow_s/wild_set/images/019.jpg,fire_engine_toy_red_yellow_s/wild_set/images/026.jpg,23.83813638877893,3024,4032,3024,4032
pumpkin_showpiece_s/wild_set/images/015.jpg,pumpkin_showpiece_s/wild_set/images/041.jpg,15.975115352019637,3024,4032,3024,4032
can_kernel_corn/wild_set/images/028.jpg,can_kernel_corn/wild_set/images/044.jpg,28.802855012764393,3024,4032,3024,4032
soldier_wood_showpiece/wild_set/images/065.jpg,soldier_wood_showpiece/wild_set/images/069.jpg,26.17449151406152,3024,4032,3024,4032
duck_bath_yellow_s/wild_set/images/054.jpg,duck_bath_yellow_s/wild_set/images/042.jpg,21.279369829232905,3024,4032,4000,6000
keywest_showpiece_s/wild_set/images/060.jpg,keywest_showpiece_s/wild_set/images/031.jpg,25.1372761956432,3024,4032,4000,6000
hand_drill_cordless_blue_black/wild_set/images/006.jpg,hand_drill_cordless_blue_black/wild_set/images/049.jpg,27.796967910384243,3024,4032,3024,4032
garbage_truck_green_toy_s/wild_set/images/072.jpg,garbage_truck_green_toy_s/wild_set/images/032.jpg,32.234732668893834,3024,4032,3024,4032
steps_small_showpiece/wild_set/images/006.jpg,steps_small_showpiece/wild_set/images/047.jpg,21.610055717218977,3024,4032,4000,6000
steps_small_showpiece/wild_set/images/045.jpg,steps_small_showpiece/wild_set/images/040.jpg,15.983065288196633,3024,4032,3024,4032
schleich_spinosaurus_action_figure/wild_set/images/046.jpg,schleich_spinosaurus_action_figure/wild_set/images/034.jpg,25.908241438247682,3456,5184,3024,4032
remote_control_toy_car_s/wild_set/images/043.jpg,remote_control_toy_car_s/wild_set/images/035.jpg,18.008468430462457,3024,4032,3024,4032
pumpkin_showpiece_s/wild_set/images/049.jpg,pumpkin_showpiece_s/wild_set/images/011.jpg,31.489137563140055,3024,4032,3024,4032
hut_mushrooms_showpiece/wild_set/images/026.jpg,hut_mushrooms_showpiece/wild_set/images/007.jpg,28.229050760843567,3024,4032,3024,4032
water_gun_toy_green/wild_set/images/032.jpg,water_gun_toy_green/wild_set/images/001.jpg,24.495390881833934,3024,4032,4000,6000
tumbler_air_balloon/wild_set/images/000.jpg,tumbler_air_balloon/wild_set/images/025.jpg,36.31891548506414,3072,4080,3072,4080
ice_cream_cart_showpiece/wild_set/images/045.jpg,ice_cream_cart_showpiece/wild_set/images/006.jpg,16.572523188756044,3024,4032,3024,4032
shoe_right_gray_s/wild_set/images/007.jpg,shoe_right_gray_s/wild_set/images/072.jpg,34.62258210577871,3024,4032,3024,4032
paper_weight_flowers_showpiece/wild_set/images/029.jpg,paper_weight_flowers_showpiece/wild_set/images/008.jpg,18.734092085309786,3024,4032,4000,6000
water_gun_toy_green/wild_set/images/042.jpg,water_gun_toy_green/wild_set/images/031.jpg,21.471170994917387,4000,6000,3024,4032
box_multi_door_colored/wild_set/images/011.jpg,box_multi_door_colored/wild_set/images/021.jpg,27.41606228436489,3024,4032,3024,4032
weisshai_great_white_shark/wild_set/images/021.jpg,weisshai_great_white_shark/wild_set/images/005.jpg,18.952911755920198,3024,4032,3024,4032
keywest_showpiece_s/wild_set/images/035.jpg,keywest_showpiece_s/wild_set/images/039.jpg,25.60773784493188,3024,4032,3024,4032
can_kernel_corn/wild_set/images/026.jpg,can_kernel_corn/wild_set/images/037.jpg,19.492132512349894,3024,4032,4000,6000
water_gun_toy_yellow/wild_set/images/024.jpg,water_gun_toy_yellow/wild_set/images/022.jpg,19.480601995579665,3024,4032,3024,4032
dino_5/wild_set/images/052.jpg,dino_5/wild_set/images/077.jpg,37.69685756182447,3024,4032,3024,4032
fire_engine_toy_red_yellow_s/wild_set/images/002.jpg,fire_engine_toy_red_yellow_s/wild_set/images/077.jpg,37.77981554319376,3024,4032,3024,4032
shoe_right_gray_s/wild_set/images/014.jpg,shoe_right_gray_s/wild_set/images/077.jpg,19.125715702473347,3024,4032,3024,4032
hut_mushrooms_showpiece/wild_set/images/034.jpg,hut_mushrooms_showpiece/wild_set/images/027.jpg,35.48447502526176,4000,6000,4000,6000
schleich_hereford_bull/wild_set/images/044.jpg,schleich_hereford_bull/wild_set/images/052.jpg,38.178415170816564,3024,4032,3024,4032
fire_engine_toy_red_yellow_s/wild_set/images/058.jpg,fire_engine_toy_red_yellow_s/wild_set/images/050.jpg,38.35353010880893,3024,4032,3024,4032
water_gun_toy_white/wild_set/images/004.jpg,water_gun_toy_white/wild_set/images/006.jpg,23.885819713715666,3024,4032,3024,4032
bunny_racer/wild_set/images/042.jpg,bunny_racer/wild_set/images/016.jpg,17.203439971152246,3024,4032,3024,4032
dino_5/wild_set/images/077.jpg,dino_5/wild_set/images/049.jpg,34.6643911287311,3024,4032,3024,4032
circo_fish_toothbrush_holder_14995988/wild_set/images/006.jpg,circo_fish_toothbrush_holder_14995988/wild_set/images/004.jpg,37.35960389194338,3072,4080,3072,4080
tractor_green_showpiece/wild_set/images/023.jpg,tractor_green_showpiece/wild_set/images/011.jpg,28.595259280642875,3024,4032,3024,4032
remote_control_toy_car_s/wild_set/images/001.jpg,remote_control_toy_car_s/wild_set/images/030.jpg,24.14796414363984,3024,4032,3024,4032
3d_dollhouse_sink/wild_set/images/027.jpg,3d_dollhouse_sink/wild_set/images/019.jpg,27.5642994239513,3072,4080,3072,4080
bunny_racer/wild_set/images/044.jpg,bunny_racer/wild_set/images/054.jpg,27.928253516150487,3024,4032,3456,5184
remote_control_toy_car_s/wild_set/images/007.jpg,remote_control_toy_car_s/wild_set/images/047.jpg,25.59433612053048,3024,4032,3024,4032
weisshai_great_white_shark/wild_set/images/008.jpg,weisshai_great_white_shark/wild_set/images/005.jpg,28.02738516430174,3024,4032,3024,4032
chicken_racer/wild_set/images/051.jpg,chicken_racer/wild_set/images/021.jpg,17.303875962113914,3024,4032,3024,4032
dino_4/wild_set/images/066.jpg,dino_4/wild_set/images/018.jpg,34.70651489810454,3024,4032,3072,4080
fire_engine_toy_red_yellow_s/wild_set/images/062.jpg,fire_engine_toy_red_yellow_s/wild_set/images/002.jpg,17.840878477422844,4000,6000,3024,4032
ice_cream_cart_showpiece/wild_set/images/028.jpg,ice_cream_cart_showpiece/wild_set/images/035.jpg,9.258009058721239,3024,4032,3024,4032
box_multi_door_colored/wild_set/images/049.jpg,box_multi_door_colored/wild_set/images/038.jpg,33.85708420733287,3024,4032,3024,4032
dino_4/wild_set/images/052.jpg,dino_4/wild_set/images/038.jpg,29.540405086888516,3072,4080,3024,4032
welcome_sign_mushrooms/wild_set/images/049.jpg,welcome_sign_mushrooms/wild_set/images/010.jpg,12.725293053838504,3024,4032,3024,4032
shoe_right_gray_s/wild_set/images/052.jpg,shoe_right_gray_s/wild_set/images/069.jpg,17.42850039083142,4000,6000,3024,4032
